,Employee Number,First Name,Last Name,Date_x,Hours Worked,Date_y,Performance Review,Employee,Week,Year,Month,Weekday,Year_week,Year_month,Quarter
0,101,Alice,Johnson,2024-11-04,8.4,2025-02-11,3 - Satisfactory,Alice Johnson (101),45,2024,11,0,2024-W45,2024-11,2024Q4
1,101,Alice,Johnson,2024-11-05,9.4,2025-02-11,3 - Satisfactory,Alice Johnson (101),45,2024,11,1,2024-W45,2024-11,2024Q4
2,101,Alice,Johnson,2024-11-06,6.8,2025-02-11,3 - Satisfactory,Alice Johnson (101),45,2024,11,2,2024-W45,2024-11,2024Q4
3,101,Alice,Johnson,2024-11-07,6.7,2025-02-11,3 - Satisfactory,Alice Johnson (101),45,2024,11,3,2024-W45,2024-11,2024Q4
4,101,Alice,Johnson,2024-11-08,4.4,2025-02-11,3 - Satisfactory,Alice Johnson (101),45,2024,11,4,2024-W45,2024-11,2024Q4
5,101,Alice,Johnson,2024-11-11,4.7,2025-02-11,3 - Satisfactory,Alice Johnson (101),46,2024,11,0,2024-W46,2024-11,2024Q4
6,101,Alice,Johnson,2024-11-12,4.6,2025-02-11,3 - Satisfactory,Alice Johnson (101),46,2024,11,1,2024-W46,2024-11,2024Q4
7,101,Alice,Johnson,2024-11-13,6.3,2025-02-11,3 - Satisfactory,Alice Johnson (101),46,2024,11,2,2024-W46,2024-11,2024Q4
8,101,Alice,Johnson,2024-11-14,9.5,2025-02-11,3 - Satisfactory,Alice Johnson (101),46,2024,11,3,2024-W46,2024-11,2024Q4
9,101,Alice,Johnson,2024-11-15,5.1,2025-02-11,3 - Satisfactory,Alice Johnson (101),46,2024,11,4,2024-W46,2024-11,2024Q4
10,101,Alice,Johnson,2024-11-18,8.5,2025-02-11,3 - Satisfactory,Alice Johnson (101),47,2024,11,0,2024-W47,2024-11,2024Q4
11,101,Alice,Johnson,2024-11-19,5.9,2025-02-11,3 - Satisfactory,Alice Johnson (101),47,2024,11,1,2024-W47,2024-11,2024Q4
12,101,Alice,Johnson,2024-11-20,9.7,2025-02-11,3 - Satisfactory,Alice Johnson (101),47,2024,11,2,2024-W47,2024-11,2024Q4
13,101,Alice,Johnson,2024-11-21,6.5,2025-02-11,3 - Satisfactory,Alice Johnson (101),47,2024,11,3,2024-W47,2024-11,2024Q4
14,101,Alice,Johnson,2024-11-22,4.8,2025-02-11,3 - Satisfactory,Alice Johnson (101),47,2024,11,4,2024-W47,2024-11,2024Q4
15,101,Alice,Johnson,2024-11-24,9.6,2025-02-11,3 - Satisfactory,Alice Johnson (101),47,2024,11,6,2024-W47,2024-11,2024Q4
16,101,Alice,Johnson,2024-11-25,5.1,2025-02-11,3 - Satisfactory,Alice Johnson (101),48,2024,11,0,2024-W48,2024-11,2024Q4
17,101,Alice,Johnson,2024-11-26,9.6,2025-02-11,3 - Satisfactory,Alice Johnson (101),48,2024,11,1,2024-W48,2024-11,2024Q4
18,101,Alice,Johnson,2024-11-27,9.6,2025-02-11,3 - Satisfactory,Alice Johnson (101),48,2024,11,2,2024-W48,2024-11,2024Q4
19,101,Alice,Johnson,2024-11-28,8.4,2025-02-11,3 - Satisfactory,Alice Johnson (101),48,2024,11,3,2024-W48,2024-11,2024Q4
20,101,Alice,Johnson,2025-11-29,6.5,2025-02-11,3 - Satisfactory,Alice Johnson (101),48,2025,11,5,2025-W48,2025-11,2025Q4
21,101,Alice,Johnson,2024-12-02,10.0,2025-02-11,3 - Satisfactory,Alice Johnson (101),49,2024,12,0,2024-W49,2024-12,2024Q4
22,101,Alice,Johnson,2024-12-03,5.3,2025-02-11,3 - Satisfactory,Alice Johnson (101),49,2024,12,1,2024-W49,2024-12,2024Q4
23,101,Alice,Johnson,2024-12-04,6.0,2025-02-11,3 - Satisfactory,Alice Johnson (101),49,2024,12,2,2024-W49,2024-12,2024Q4
24,101,Alice,Johnson,2023-12-05,6.0,2025-02-11,3 - Satisfactory,Alice Johnson (101),49,2023,12,1,2023-W49,2023-12,2023Q4
25,101,Alice,Johnson,2024-12-06,7.0,2025-02-11,3 - Satisfactory,Alice Johnson (101),49,2024,12,4,2024-W49,2024-12,2024Q4
26,101,Alice,Johnson,2024-12-07,9.4,2025-02-11,3 - Satisfactory,Alice Johnson (101),49,2024,12,5,2024-W49,2024-12,2024Q4
27,101,Alice,Johnson,2024-12-09,4.0,2025-02-11,3 - Satisfactory,Alice Johnson (101),50,2024,12,0,2024-W50,2024-12,2024Q4
28,101,Alice,Johnson,2024-12-10,6.5,2025-02-11,3 - Satisfactory,Alice Johnson (101),50,2024,12,1,2024-W50,2024-12,2024Q4
29,101,Alice,Johnson,2024-12-11,8.1,2025-02-11,3 - Satisfactory,Alice Johnson (101),50,2024,12,2,2024-W50,2024-12,2024Q4
30,101,Alice,Johnson,2024-12-12,8.8,2025-02-11,3 - Satisfactory,Alice Johnson (101),50,2024,12,3,2024-W50,2024-12,2024Q4
31,101,Alice,Johnson,2024-12-13,7.6,2025-02-11,3 - Satisfactory,Alice Johnson (101),50,2024,12,4,2024-W50,2024-12,2024Q4
32,101,Alice,Johnson,2024-12-16,5.0,2025-02-11,3 - Satisfactory,Alice Johnson (101),51,2024,12,0,2024-W51,2024-12,2024Q4
33,101,Alice,Johnson,2024-12-17,8.8,2025-02-11,3 - Satisfactory,Alice Johnson (101),51,2024,12,1,2024-W51,2024-12,2024Q4
34,101,Alice,Johnson,2024-12-18,5.0,2025-02-11,3 - Satisfactory,Alice Johnson (101),51,2024,12,2,2024-W51,2024-12,2024Q4
35,101,Alice,Johnson,2024-12-19,5.5,2025-02-11,3 - Satisfactory,Alice Johnson (101),51,2024,12,3,2024-W51,2024-12,2024Q4
36,101,Alice,Johnson,2024-12-20,6.6,2025-02-11,3 - Satisfactory,Alice Johnson (101),51,2024,12,4,2024-W51,2024-12,2024Q4
37,101,Alice,Johnson,2024-12-21,7.4,2025-02-11,3 - Satisfactory,Alice Johnson (101),51,2024,12,5,2024-W51,2024-12,2024Q4
38,101,Alice,Johnson,2024-12-23,6.1,2025-02-11,3 - Satisfactory,Alice Johnson (101),52,2024,12,0,2024-W52,2024-12,2024Q4
39,101,Alice,Johnson,2024-12-24,8.6,2025-02-11,3 - Satisfactory,Alice Johnson (101),52,2024,12,1,2024-W52,2024-12,2024Q4
40,101,Alice,Johnson,2024-12-25,6.6,2025-02-11,3 - Satisfactory,Alice Johnson (101),52,2024,12,2,2024-W52,2024-12,2024Q4
41,101,Alice,Johnson,2024-12-26,6.1,2025-02-11,3 - Satisfactory,Alice Johnson (101),52,2024,12,3,2024-W52,2024-12,2024Q4
42,101,Alice,Johnson,2024-12-27,9.6,2025-02-11,3 - Satisfactory,Alice Johnson (101),52,2024,12,4,2024-W52,2024-12,2024Q4
43,101,Alice,Johnson,2024-12-30,9.9,2025-02-11,3 - Satisfactory,Alice Johnson (101),1,2025,12,0,2025-W01,2024-12,2024Q4
44,101,Alice,Johnson,2024-12-31,7.0,2025-02-11,3 - Satisfactory,Alice Johnson (101),1,2025,12,1,2025-W01,2024-12,2024Q4
45,101,Alice,Johnson,2025-01-01,9.5,2025-02-11,3 - Satisfactory,Alice Johnson (101),1,2025,1,2,2025-W01,2025-01,2025Q1
46,101,Alice,Johnson,2025-01-02,5.2,2025-02-11,3 - Satisfactory,Alice Johnson (101),1,2025,1,3,2025-W01,2025-01,2025Q1
47,101,Alice,Johnson,2025-01-03,8.1,2025-02-11,3 - Satisfactory,Alice Johnson (101),1,2025,1,4,2025-W01,2025-01,2025Q1
48,101,Alice,Johnson,2025-01-04,6.5,2025-02-11,3 - Satisfactory,Alice Johnson (101),1,2025,1,5,2025-W01,2025-01,2025Q1
49,101,Alice,Johnson,2025-01-06,8.7,2025-02-11,3 - Satisfactory,Alice Johnson (101),2,2025,1,0,2025-W02,2025-01,2025Q1
50,101,Alice,Johnson,2025-01-07,6.8,2025-02-11,3 - Satisfactory,Alice Johnson (101),2,2025,1,1,2025-W02,2025-01,2025Q1
51,101,Alice,Johnson,2025-01-08,4.6,2025-02-11,3 - Satisfactory,Alice Johnson (101),2,2025,1,2,2025-W02,2025-01,2025Q1
52,101,Alice,Johnson,2025-01-09,4.2,2025-02-11,3 - Satisfactory,Alice Johnson (101),2,2025,1,3,2025-W02,2025-01,2025Q1
53,101,Alice,Johnson,2025-01-10,7.4,2025-02-11,3 - Satisfactory,Alice Johnson (101),2,2025,1,4,2025-W02,2025-01,2025Q1
54,101,Alice,Johnson,2025-01-11,8.3,2025-02-11,3 - Satisfactory,Alice Johnson (101),2,2025,1,5,2025-W02,2025-01,2025Q1
55,101,Alice,Johnson,2025-01-13,8.7,2025-02-11,3 - Satisfactory,Alice Johnson (101),3,2025,1,0,2025-W03,2025-01,2025Q1
56,101,Alice,Johnson,2025-01-14,7.9,2025-02-11,3 - Satisfactory,Alice Johnson (101),3,2025,1,1,2025-W03,2025-01,2025Q1
57,101,Alice,Johnson,2025-01-15,8.1,2025-02-11,3 - Satisfactory,Alice Johnson (101),3,2025,1,2,2025-W03,2025-01,2025Q1
58,101,Alice,Johnson,2025-01-16,9.2,2025-02-11,3 - Satisfactory,Alice Johnson (101),3,2025,1,3,2025-W03,2025-01,2025Q1
59,101,Alice,Johnson,2025-01-17,5.3,2025-02-11,3 - Satisfactory,Alice Johnson (101),3,2025,1,4,2025-W03,2025-01,2025Q1
60,101,Alice,Johnson,2025-01-20,5.0,2025-02-11,3 - Satisfactory,Alice Johnson (101),4,2025,1,0,2025-W04,2025-01,2025Q1
61,101,Alice,Johnson,2025-01-21,6.1,2025-02-11,3 - Satisfactory,Alice Johnson (101),4,2025,1,1,2025-W04,2025-01,2025Q1
62,101,Alice,Johnson,2025-01-22,7.5,2025-02-11,3 - Satisfactory,Alice Johnson (101),4,2025,1,2,2025-W04,2025-01,2025Q1
63,101,Alice,Johnson,2025-01-23,8.0,2025-02-11,3 - Satisfactory,Alice Johnson (101),4,2025,1,3,2025-W04,2025-01,2025Q1
64,101,Alice,Johnson,2025-01-24,4.1,2025-02-11,3 - Satisfactory,Alice Johnson (101),4,2025,1,4,2025-W04,2025-01,2025Q1
65,101,Alice,Johnson,2025-01-27,6.8,2025-02-11,3 - Satisfactory,Alice Johnson (101),5,2025,1,0,2025-W05,2025-01,2025Q1
66,101,Alice,Johnson,2025-01-28,9.4,2025-02-11,3 - Satisfactory,Alice Johnson (101),5,2025,1,1,2025-W05,2025-01,2025Q1
67,101,Alice,Johnson,2025-01-29,6.9,2025-02-11,3 - Satisfactory,Alice Johnson (101),5,2025,1,2,2025-W05,2025-01,2025Q1
68,101,Alice,Johnson,2025-01-30,4.3,2025-02-11,3 - Satisfactory,Alice Johnson (101),5,2025,1,3,2025-W05,2025-01,2025Q1
69,101,Alice,Johnson,2025-01-31,7.2,2025-02-11,3 - Satisfactory,Alice Johnson (101),5,2025,1,4,2025-W05,2025-01,2025Q1
70,101,Alice,Johnson,2025-02-01,4.4,2025-02-11,3 - Satisfactory,Alice Johnson (101),5,2025,2,5,2025-W05,2025-02,2025Q1
71,101,Alice,Johnson,2025-02-03,9.9,2025-02-11,3 - Satisfactory,Alice Johnson (101),6,2025,2,0,2025-W06,2025-02,2025Q1
72,101,Alice,Johnson,2025-02-04,8.4,2025-02-11,3 - Satisfactory,Alice Johnson (101),6,2025,2,1,2025-W06,2025-02,2025Q1
73,101,Alice,Johnson,2025-02-05,8.9,2025-02-11,3 - Satisfactory,Alice Johnson (101),6,2025,2,2,2025-W06,2025-02,2025Q1
74,101,Alice,Johnson,2025-02-06,6.3,2025-02-11,3 - Satisfactory,Alice Johnson (101),6,2025,2,3,2025-W06,2025-02,2025Q1
75,101,Alice,Johnson,2025-02-07,7.2,2025-02-11,3 - Satisfactory,Alice Johnson (101),6,2025,2,4,2025-W06,2025-02,2025Q1
76,101,Alice,Johnson,2025-02-10,6.6,2025-02-11,3 - Satisfactory,Alice Johnson (101),7,2025,2,0,2025-W07,2025-02,2025Q1
77,102,Bob,Smith,2024-11-04,9.5,2025-02-21,4 - Meeting Expectations,Bob Smith (102),45,2024,11,0,2024-W45,2024-11,2024Q4
78,102,Bob,Smith,2024-11-05,7.7,2025-02-21,4 - Meeting Expectations,Bob Smith (102),45,2024,11,1,2024-W45,2024-11,2024Q4
79,102,Bob,Smith,2024-11-06,6.0,2025-02-21,4 - Meeting Expectations,Bob Smith (102),45,2024,11,2,2024-W45,2024-11,2024Q4
80,102,Bob,Smith,2024-11-07,7.9,2025-02-21,4 - Meeting Expectations,Bob Smith (102),45,2024,11,3,2024-W45,2024-11,2024Q4
81,102,Bob,Smith,2024-11-08,6.8,2025-02-21,4 - Meeting Expectations,Bob Smith (102),45,2024,11,4,2024-W45,2024-11,2024Q4
82,102,Bob,Smith,2024-11-09,5.6,2025-02-21,4 - Meeting Expectations,Bob Smith (102),45,2024,11,5,2024-W45,2024-11,2024Q4
83,102,Bob,Smith,2024-11-11,8.4,2025-02-21,4 - Meeting Expectations,Bob Smith (102),46,2024,11,0,2024-W46,2024-11,2024Q4
84,102,Bob,Smith,2024-11-12,6.6,2025-02-21,4 - Meeting Expectations,Bob Smith (102),46,2024,11,1,2024-W46,2024-11,2024Q4
85,102,Bob,Smith,2024-11-13,7.4,2025-02-21,4 - Meeting Expectations,Bob Smith (102),46,2024,11,2,2024-W46,2024-11,2024Q4
86,102,Bob,Smith,2024-11-14,6.1,2025-02-21,4 - Meeting Expectations,Bob Smith (102),46,2024,11,3,2024-W46,2024-11,2024Q4
87,102,Bob,Smith,2024-11-15,9.8,2025-02-21,4 - Meeting Expectations,Bob Smith (102),46,2024,11,4,2024-W46,2024-11,2024Q4
88,102,Bob,Smith,2024-11-17,5.1,2025-02-21,4 - Meeting Expectations,Bob Smith (102),46,2024,11,6,2024-W46,2024-11,2024Q4
89,102,Bob,Smith,2024-11-18,8.8,2025-02-21,4 - Meeting Expectations,Bob Smith (102),47,2024,11,0,2024-W47,2024-11,2024Q4
90,102,Bob,Smith,2024-11-19,6.2,2025-02-21,4 - Meeting Expectations,Bob Smith (102),47,2024,11,1,2024-W47,2024-11,2024Q4
91,102,Bob,Smith,2024-11-20,7.4,2025-02-21,4 - Meeting Expectations,Bob Smith (102),47,2024,11,2,2024-W47,2024-11,2024Q4
92,102,Bob,Smith,2024-11-21,8.6,2025-02-21,4 - Meeting Expectations,Bob Smith (102),47,2024,11,3,2024-W47,2024-11,2024Q4
93,102,Bob,Smith,2024-11-22,9.1,2025-02-21,4 - Meeting Expectations,Bob Smith (102),47,2024,11,4,2024-W47,2024-11,2024Q4
94,102,Bob,Smith,2024-11-23,9.2,2025-02-21,4 - Meeting Expectations,Bob Smith (102),47,2024,11,5,2024-W47,2024-11,2024Q4
95,102,Bob,Smith,2024-11-24,5.2,2025-02-21,4 - Meeting Expectations,Bob Smith (102),47,2024,11,6,2024-W47,2024-11,2024Q4
96,102,Bob,Smith,2024-11-25,6.6,2025-02-21,4 - Meeting Expectations,Bob Smith (102),48,2024,11,0,2024-W48,2024-11,2024Q4
97,102,Bob,Smith,2024-11-26,4.4,2025-02-21,4 - Meeting Expectations,Bob Smith (102),48,2024,11,1,2024-W48,2024-11,2024Q4
98,102,Bob,Smith,2024-11-27,6.1,2025-02-21,4 - Meeting Expectations,Bob Smith (102),48,2024,11,2,2024-W48,2024-11,2024Q4
99,102,Bob,Smith,2024-11-28,8.2,2025-02-21,4 - Meeting Expectations,Bob Smith (102),48,2024,11,3,2024-W48,2024-11,2024Q4
100,102,Bob,Smith,2024-11-29,7.7,2025-02-21,4 - Meeting Expectations,Bob Smith (102),48,2024,11,4,2024-W48,2024-11,2024Q4
101,102,Bob,Smith,2025-12-02,7.4,2025-02-21,4 - Meeting Expectations,Bob Smith (102),49,2025,12,1,2025-W49,2025-12,2025Q4
102,102,Bob,Smith,2024-12-03,8.5,2025-02-21,4 - Meeting Expectations,Bob Smith (102),49,2024,12,1,2024-W49,2024-12,2024Q4
103,102,Bob,Smith,2024-12-04,8.9,2025-02-21,4 - Meeting Expectations,Bob Smith (102),49,2024,12,2,2024-W49,2024-12,2024Q4
104,102,Bob,Smith,2024-12-05,6.5,2025-02-21,4 - Meeting Expectations,Bob Smith (102),49,2024,12,3,2024-W49,2024-12,2024Q4
105,102,Bob,Smith,2023-12-06,9.2,2025-02-21,4 - Meeting Expectations,Bob Smith (102),49,2023,12,2,2023-W49,2023-12,2023Q4
106,102,Bob,Smith,2024-12-09,9.9,2025-02-21,4 - Meeting Expectations,Bob Smith (102),50,2024,12,0,2024-W50,2024-12,2024Q4
107,102,Bob,Smith,2024-12-10,8.9,2025-02-21,4 - Meeting Expectations,Bob Smith (102),50,2024,12,1,2024-W50,2024-12,2024Q4
108,102,Bob,Smith,2024-12-11,9.9,2025-02-21,4 - Meeting Expectations,Bob Smith (102),50,2024,12,2,2024-W50,2024-12,2024Q4
109,102,Bob,Smith,2024-12-12,4.5,2025-02-21,4 - Meeting Expectations,Bob Smith (102),50,2024,12,3,2024-W50,2024-12,2024Q4
110,102,Bob,Smith,2024-12-13,9.0,2025-02-21,4 - Meeting Expectations,Bob Smith (102),50,2024,12,4,2024-W50,2024-12,2024Q4
111,102,Bob,Smith,2024-12-15,8.8,2025-02-21,4 - Meeting Expectations,Bob Smith (102),50,2024,12,6,2024-W50,2024-12,2024Q4
112,102,Bob,Smith,2024-12-16,5.7,2025-02-21,4 - Meeting Expectations,Bob Smith (102),51,2024,12,0,2024-W51,2024-12,2024Q4
113,102,Bob,Smith,2024-12-17,7.8,2025-02-21,4 - Meeting Expectations,Bob Smith (102),51,2024,12,1,2024-W51,2024-12,2024Q4
114,102,Bob,Smith,2024-12-18,4.8,2025-02-21,4 - Meeting Expectations,Bob Smith (102),51,2024,12,2,2024-W51,2024-12,2024Q4
115,102,Bob,Smith,2024-12-19,7.1,2025-02-21,4 - Meeting Expectations,Bob Smith (102),51,2024,12,3,2024-W51,2024-12,2024Q4
116,102,Bob,Smith,2024-12-20,6.4,2025-02-21,4 - Meeting Expectations,Bob Smith (102),51,2024,12,4,2024-W51,2024-12,2024Q4
117,102,Bob,Smith,2024-12-22,8.7,2025-02-21,4 - Meeting Expectations,Bob Smith (102),51,2024,12,6,2024-W51,2024-12,2024Q4
118,102,Bob,Smith,2024-12-23,7.5,2025-02-21,4 - Meeting Expectations,Bob Smith (102),52,2024,12,0,2024-W52,2024-12,2024Q4
119,102,Bob,Smith,2024-12-24,9.6,2025-02-21,4 - Meeting Expectations,Bob Smith (102),52,2024,12,1,2024-W52,2024-12,2024Q4
120,102,Bob,Smith,2024-12-25,7.8,2025-02-21,4 - Meeting Expectations,Bob Smith (102),52,2024,12,2,2024-W52,2024-12,2024Q4
121,102,Bob,Smith,2024-12-26,6.7,2025-02-21,4 - Meeting Expectations,Bob Smith (102),52,2024,12,3,2024-W52,2024-12,2024Q4
122,102,Bob,Smith,2024-12-27,9.6,2025-02-21,4 - Meeting Expectations,Bob Smith (102),52,2024,12,4,2024-W52,2024-12,2024Q4
123,102,Bob,Smith,2024-12-30,4.7,2025-02-21,4 - Meeting Expectations,Bob Smith (102),1,2025,12,0,2025-W01,2024-12,2024Q4
124,102,Bob,Smith,2024-12-31,9.4,2025-02-21,4 - Meeting Expectations,Bob Smith (102),1,2025,12,1,2025-W01,2024-12,2024Q4
125,102,Bob,Smith,2025-01-01,5.6,2025-02-21,4 - Meeting Expectations,Bob Smith (102),1,2025,1,2,2025-W01,2025-01,2025Q1
126,102,Bob,Smith,2025-01-02,5.0,2025-02-21,4 - Meeting Expectations,Bob Smith (102),1,2025,1,3,2025-W01,2025-01,2025Q1
127,102,Bob,Smith,2025-01-03,6.9,2025-02-21,4 - Meeting Expectations,Bob Smith (102),1,2025,1,4,2025-W01,2025-01,2025Q1
128,102,Bob,Smith,2025-01-06,8.8,2025-02-21,4 - Meeting Expectations,Bob Smith (102),2,2025,1,0,2025-W02,2025-01,2025Q1
129,102,Bob,Smith,2025-01-07,9.3,2025-02-21,4 - Meeting Expectations,Bob Smith (102),2,2025,1,1,2025-W02,2025-01,2025Q1
130,102,Bob,Smith,2025-01-08,9.5,2025-02-21,4 - Meeting Expectations,Bob Smith (102),2,2025,1,2,2025-W02,2025-01,2025Q1
131,102,Bob,Smith,2025-01-09,5.8,2025-02-21,4 - Meeting Expectations,Bob Smith (102),2,2025,1,3,2025-W02,2025-01,2025Q1
132,102,Bob,Smith,2025-01-10,6.0,2025-02-21,4 - Meeting Expectations,Bob Smith (102),2,2025,1,4,2025-W02,2025-01,2025Q1
133,102,Bob,Smith,2025-01-11,7.8,2025-02-21,4 - Meeting Expectations,Bob Smith (102),2,2025,1,5,2025-W02,2025-01,2025Q1
134,102,Bob,Smith,2025-01-13,6.0,2025-02-21,4 - Meeting Expectations,Bob Smith (102),3,2025,1,0,2025-W03,2025-01,2025Q1
135,102,Bob,Smith,2025-01-14,5.8,2025-02-21,4 - Meeting Expectations,Bob Smith (102),3,2025,1,1,2025-W03,2025-01,2025Q1
136,102,Bob,Smith,2025-01-15,4.9,2025-02-21,4 - Meeting Expectations,Bob Smith (102),3,2025,1,2,2025-W03,2025-01,2025Q1
137,102,Bob,Smith,2025-01-16,9.3,2025-02-21,4 - Meeting Expectations,Bob Smith (102),3,2025,1,3,2025-W03,2025-01,2025Q1
138,102,Bob,Smith,2025-01-17,9.5,2025-02-21,4 - Meeting Expectations,Bob Smith (102),3,2025,1,4,2025-W03,2025-01,2025Q1
139,102,Bob,Smith,2025-01-20,5.2,2025-02-21,4 - Meeting Expectations,Bob Smith (102),4,2025,1,0,2025-W04,2025-01,2025Q1
140,102,Bob,Smith,2025-01-21,6.9,2025-02-21,4 - Meeting Expectations,Bob Smith (102),4,2025,1,1,2025-W04,2025-01,2025Q1
141,102,Bob,Smith,2025-01-22,5.7,2025-02-21,4 - Meeting Expectations,Bob Smith (102),4,2025,1,2,2025-W04,2025-01,2025Q1
142,102,Bob,Smith,2025-01-23,9.3,2025-02-21,4 - Meeting Expectations,Bob Smith (102),4,2025,1,3,2025-W04,2025-01,2025Q1
143,102,Bob,Smith,2025-01-24,4.5,2025-02-21,4 - Meeting Expectations,Bob Smith (102),4,2025,1,4,2025-W04,2025-01,2025Q1
144,102,Bob,Smith,2025-01-27,7.7,2025-02-21,4 - Meeting Expectations,Bob Smith (102),5,2025,1,0,2025-W05,2025-01,2025Q1
145,102,Bob,Smith,2025-01-28,9.3,2025-02-21,4 - Meeting Expectations,Bob Smith (102),5,2025,1,1,2025-W05,2025-01,2025Q1
146,102,Bob,Smith,2025-01-29,5.8,2025-02-21,4 - Meeting Expectations,Bob Smith (102),5,2025,1,2,2025-W05,2025-01,2025Q1
147,102,Bob,Smith,2025-01-30,7.6,2025-02-21,4 - Meeting Expectations,Bob Smith (102),5,2025,1,3,2025-W05,2025-01,2025Q1
148,102,Bob,Smith,2025-01-31,5.8,2025-02-21,4 - Meeting Expectations,Bob Smith (102),5,2025,1,4,2025-W05,2025-01,2025Q1
149,102,Bob,Smith,2025-02-03,4.4,2025-02-21,4 - Meeting Expectations,Bob Smith (102),6,2025,2,0,2025-W06,2025-02,2025Q1
150,102,Bob,Smith,2025-02-04,7.2,2025-02-21,4 - Meeting Expectations,Bob Smith (102),6,2025,2,1,2025-W06,2025-02,2025Q1
151,102,Bob,Smith,2025-02-05,9.1,2025-02-21,4 - Meeting Expectations,Bob Smith (102),6,2025,2,2,2025-W06,2025-02,2025Q1
152,102,Bob,Smith,2025-02-06,4.2,2025-02-21,4 - Meeting Expectations,Bob Smith (102),6,2025,2,3,2025-W06,2025-02,2025Q1
153,102,Bob,Smith,2025-02-07,7.5,2025-02-21,4 - Meeting Expectations,Bob Smith (102),6,2025,2,4,2025-W06,2025-02,2025Q1
154,102,Bob,Smith,2025-02-10,8.9,2025-02-21,4 - Meeting Expectations,Bob Smith (102),7,2025,2,0,2025-W07,2025-02,2025Q1
155,103,Charlie,Brown,2024-11-04,8.5,2025-02-15,5 - Exceeding Expectations,Charlie Brown (103),45,2024,11,0,2024-W45,2024-11,2024Q4
156,103,Charlie,Brown,2024-11-05,4.3,2025-02-15,5 - Exceeding Expectations,Charlie Brown (103),45,2024,11,1,2024-W45,2024-11,2024Q4
157,103,Charlie,Brown,2024-11-06,5.3,2025-02-15,5 - Exceeding Expectations,Charlie Brown (103),45,2024,11,2,2024-W45,2024-11,2024Q4
158,103,Charlie,Brown,2024-11-07,9.3,2025-02-15,5 - Exceeding Expectations,Charlie Brown (103),45,2024,11,3,2024-W45,2024-11,2024Q4
159,103,Charlie,Brown,2024-11-08,7.0,2025-02-15,5 - Exceeding Expectations,Charlie Brown (103),45,2024,11,4,2024-W45,2024-11,2024Q4
160,103,Charlie,Brown,2024-11-11,5.2,2025-02-15,5 - Exceeding Expectations,Charlie Brown (103),46,2024,11,0,2024-W46,2024-11,2024Q4
161,103,Charlie,Brown,2024-11-12,5.3,2025-02-15,5 - Exceeding Expectations,Charlie Brown (103),46,2024,11,1,2024-W46,2024-11,2024Q4
162,103,Charlie,Brown,2025-11-13,8.4,2025-02-15,5 - Exceeding Expectations,Charlie Brown (103),46,2025,11,3,2025-W46,2025-11,2025Q4
163,103,Charlie,Brown,2024-11-14,4.9,2025-02-15,5 - Exceeding Expectations,Charlie Brown (103),46,2024,11,3,2024-W46,2024-11,2024Q4
164,103,Charlie,Brown,2024-11-15,8.2,2025-02-15,5 - Exceeding Expectations,Charlie Brown (103),46,2024,11,4,2024-W46,2024-11,2024Q4
165,103,Charlie,Brown,2024-11-18,6.4,2025-02-15,5 - Exceeding Expectations,Charlie Brown (103),47,2024,11,0,2024-W47,2024-11,2024Q4
166,103,Charlie,Brown,2024-11-19,5.0,2025-02-15,5 - Exceeding Expectations,Charlie Brown (103),47,2024,11,1,2024-W47,2024-11,2024Q4
167,103,Charlie,Brown,2024-11-20,7.6,2025-02-15,5 - Exceeding Expectations,Charlie Brown (103),47,2024,11,2,2024-W47,2024-11,2024Q4
168,103,Charlie,Brown,2024-11-21,7.7,2025-02-15,5 - Exceeding Expectations,Charlie Brown (103),47,2024,11,3,2024-W47,2024-11,2024Q4
169,103,Charlie,Brown,2024-11-22,7.5,2025-02-15,5 - Exceeding Expectations,Charlie Brown (103),47,2024,11,4,2024-W47,2024-11,2024Q4
170,103,Charlie,Brown,2024-11-24,7.8,2025-02-15,5 - Exceeding Expectations,Charlie Brown (103),47,2024,11,6,2024-W47,2024-11,2024Q4
171,103,Charlie,Brown,2024-11-25,5.1,2025-02-15,5 - Exceeding Expectations,Charlie Brown (103),48,2024,11,0,2024-W48,2024-11,2024Q4
172,103,Charlie,Brown,2024-11-26,7.7,2025-02-15,5 - Exceeding Expectations,Charlie Brown (103),48,2024,11,1,2024-W48,2024-11,2024Q4
173,103,Charlie,Brown,2024-11-27,9.0,2025-02-15,5 - Exceeding Expectations,Charlie Brown (103),48,2024,11,2,2024-W48,2024-11,2024Q4
174,103,Charlie,Brown,2024-11-28,9.6,2025-02-15,5 - Exceeding Expectations,Charlie Brown (103),48,2024,11,3,2024-W48,2024-11,2024Q4
175,103,Charlie,Brown,2024-11-29,7.5,2025-02-15,5 - Exceeding Expectations,Charlie Brown (103),48,2024,11,4,2024-W48,2024-11,2024Q4
176,103,Charlie,Brown,2024-12-02,7.5,2025-02-15,5 - Exceeding Expectations,Charlie Brown (103),49,2024,12,0,2024-W49,2024-12,2024Q4
177,103,Charlie,Brown,2024-12-03,5.5,2025-02-15,5 - Exceeding Expectations,Charlie Brown (103),49,2024,12,1,2024-W49,2024-12,2024Q4
178,103,Charlie,Brown,2024-12-04,7.4,2025-02-15,5 - Exceeding Expectations,Charlie Brown (103),49,2024,12,2,2024-W49,2024-12,2024Q4
179,103,Charlie,Brown,2024-12-05,5.8,2025-02-15,5 - Exceeding Expectations,Charlie Brown (103),49,2024,12,3,2024-W49,2024-12,2024Q4
180,103,Charlie,Brown,2024-12-06,9.6,2025-02-15,5 - Exceeding Expectations,Charlie Brown (103),49,2024,12,4,2024-W49,2024-12,2024Q4
181,103,Charlie,Brown,2024-12-07,6.8,2025-02-15,5 - Exceeding Expectations,Charlie Brown (103),49,2024,12,5,2024-W49,2024-12,2024Q4
182,103,Charlie,Brown,2023-12-08,8.1,2025-02-15,5 - Exceeding Expectations,Charlie Brown (103),49,2023,12,4,2023-W49,2023-12,2023Q4
183,103,Charlie,Brown,2024-12-09,5.3,2025-02-15,5 - Exceeding Expectations,Charlie Brown (103),50,2024,12,0,2024-W50,2024-12,2024Q4
184,103,Charlie,Brown,2024-12-10,6.0,2025-02-15,5 - Exceeding Expectations,Charlie Brown (103),50,2024,12,1,2024-W50,2024-12,2024Q4
185,103,Charlie,Brown,2025-12-11,5.9,2025-02-15,5 - Exceeding Expectations,Charlie Brown (103),50,2025,12,3,2025-W50,2025-12,2025Q4
186,103,Charlie,Brown,2024-12-12,5.1,2025-02-15,5 - Exceeding Expectations,Charlie Brown (103),50,2024,12,3,2024-W50,2024-12,2024Q4
187,103,Charlie,Brown,2024-12-13,8.1,2025-02-15,5 - Exceeding Expectations,Charlie Brown (103),50,2024,12,4,2024-W50,2024-12,2024Q4
188,103,Charlie,Brown,2024-12-15,8.2,2025-02-15,5 - Exceeding Expectations,Charlie Brown (103),50,2024,12,6,2024-W50,2024-12,2024Q4
189,103,Charlie,Brown,2024-12-16,8.0,2025-02-15,5 - Exceeding Expectations,Charlie Brown (103),51,2024,12,0,2024-W51,2024-12,2024Q4
190,103,Charlie,Brown,2024-12-17,6.3,2025-02-15,5 - Exceeding Expectations,Charlie Brown (103),51,2024,12,1,2024-W51,2024-12,2024Q4
191,103,Charlie,Brown,2024-12-18,8.6,2025-02-15,5 - Exceeding Expectations,Charlie Brown (103),51,2024,12,2,2024-W51,2024-12,2024Q4
192,103,Charlie,Brown,2024-12-19,6.1,2025-02-15,5 - Exceeding Expectations,Charlie Brown (103),51,2024,12,3,2024-W51,2024-12,2024Q4
193,103,Charlie,Brown,2024-12-20,6.8,2025-02-15,5 - Exceeding Expectations,Charlie Brown (103),51,2024,12,4,2024-W51,2024-12,2024Q4
194,103,Charlie,Brown,2024-12-21,7.0,2025-02-15,5 - Exceeding Expectations,Charlie Brown (103),51,2024,12,5,2024-W51,2024-12,2024Q4
195,103,Charlie,Brown,2024-12-23,5.7,2025-02-15,5 - Exceeding Expectations,Charlie Brown (103),52,2024,12,0,2024-W52,2024-12,2024Q4
196,103,Charlie,Brown,2024-12-24,7.3,2025-02-15,5 - Exceeding Expectations,Charlie Brown (103),52,2024,12,1,2024-W52,2024-12,2024Q4
197,103,Charlie,Brown,2024-12-25,8.0,2025-02-15,5 - Exceeding Expectations,Charlie Brown (103),52,2024,12,2,2024-W52,2024-12,2024Q4
198,103,Charlie,Brown,2024-12-26,4.5,2025-02-15,5 - Exceeding Expectations,Charlie Brown (103),52,2024,12,3,2024-W52,2024-12,2024Q4
199,103,Charlie,Brown,2024-12-27,6.5,2025-02-15,5 - Exceeding Expectations,Charlie Brown (103),52,2024,12,4,2024-W52,2024-12,2024Q4
200,103,Charlie,Brown,2024-12-30,9.1,2025-02-15,5 - Exceeding Expectations,Charlie Brown (103),1,2025,12,0,2025-W01,2024-12,2024Q4
201,103,Charlie,Brown,2024-12-31,7.2,2025-02-15,5 - Exceeding Expectations,Charlie Brown (103),1,2025,12,1,2025-W01,2024-12,2024Q4
202,103,Charlie,Brown,2025-01-01,7.4,2025-02-15,5 - Exceeding Expectations,Charlie Brown (103),1,2025,1,2,2025-W01,2025-01,2025Q1
203,103,Charlie,Brown,2025-01-02,8.7,2025-02-15,5 - Exceeding Expectations,Charlie Brown (103),1,2025,1,3,2025-W01,2025-01,2025Q1
204,103,Charlie,Brown,2025-01-03,5.2,2025-02-15,5 - Exceeding Expectations,Charlie Brown (103),1,2025,1,4,2025-W01,2025-01,2025Q1
205,103,Charlie,Brown,2025-01-04,8.9,2025-02-15,5 - Exceeding Expectations,Charlie Brown (103),1,2025,1,5,2025-W01,2025-01,2025Q1
206,103,Charlie,Brown,2025-01-06,6.2,2025-02-15,5 - Exceeding Expectations,Charlie Brown (103),2,2025,1,0,2025-W02,2025-01,2025Q1
207,103,Charlie,Brown,2025-01-07,9.3,2025-02-15,5 - Exceeding Expectations,Charlie Brown (103),2,2025,1,1,2025-W02,2025-01,2025Q1
208,103,Charlie,Brown,2025-01-08,9.9,2025-02-15,5 - Exceeding Expectations,Charlie Brown (103),2,2025,1,2,2025-W02,2025-01,2025Q1
209,103,Charlie,Brown,2025-01-09,4.0,2025-02-15,5 - Exceeding Expectations,Charlie Brown (103),2,2025,1,3,2025-W02,2025-01,2025Q1
210,103,Charlie,Brown,2025-01-10,6.5,2025-02-15,5 - Exceeding Expectations,Charlie Brown (103),2,2025,1,4,2025-W02,2025-01,2025Q1
211,103,Charlie,Brown,2025-01-12,8.6,2025-02-15,5 - Exceeding Expectations,Charlie Brown (103),2,2025,1,6,2025-W02,2025-01,2025Q1
212,103,Charlie,Brown,2025-01-13,8.0,2025-02-15,5 - Exceeding Expectations,Charlie Brown (103),3,2025,1,0,2025-W03,2025-01,2025Q1
213,103,Charlie,Brown,2025-01-14,4.7,2025-02-15,5 - Exceeding Expectations,Charlie Brown (103),3,2025,1,1,2025-W03,2025-01,2025Q1
214,103,Charlie,Brown,2025-01-15,9.5,2025-02-15,5 - Exceeding Expectations,Charlie Brown (103),3,2025,1,2,2025-W03,2025-01,2025Q1
215,103,Charlie,Brown,2025-01-16,5.8,2025-02-15,5 - Exceeding Expectations,Charlie Brown (103),3,2025,1,3,2025-W03,2025-01,2025Q1
216,103,Charlie,Brown,2025-01-17,6.7,2025-02-15,5 - Exceeding Expectations,Charlie Brown (103),3,2025,1,4,2025-W03,2025-01,2025Q1
217,103,Charlie,Brown,2025-01-20,4.7,2025-02-15,5 - Exceeding Expectations,Charlie Brown (103),4,2025,1,0,2025-W04,2025-01,2025Q1
218,103,Charlie,Brown,2025-01-21,5.4,2025-02-15,5 - Exceeding Expectations,Charlie Brown (103),4,2025,1,1,2025-W04,2025-01,2025Q1
219,103,Charlie,Brown,2025-01-22,8.8,2025-02-15,5 - Exceeding Expectations,Charlie Brown (103),4,2025,1,2,2025-W04,2025-01,2025Q1
220,103,Charlie,Brown,2025-01-23,7.4,2025-02-15,5 - Exceeding Expectations,Charlie Brown (103),4,2025,1,3,2025-W04,2025-01,2025Q1
221,103,Charlie,Brown,2025-01-24,5.5,2025-02-15,5 - Exceeding Expectations,Charlie Brown (103),4,2025,1,4,2025-W04,2025-01,2025Q1
222,103,Charlie,Brown,2025-01-27,6.8,2025-02-15,5 - Exceeding Expectations,Charlie Brown (103),5,2025,1,0,2025-W05,2025-01,2025Q1
223,103,Charlie,Brown,2025-01-28,7.2,2025-02-15,5 - Exceeding Expectations,Charlie Brown (103),5,2025,1,1,2025-W05,2025-01,2025Q1
224,103,Charlie,Brown,2025-01-29,9.1,2025-02-15,5 - Exceeding Expectations,Charlie Brown (103),5,2025,1,2,2025-W05,2025-01,2025Q1
225,103,Charlie,Brown,2025-01-30,10.0,2025-02-15,5 - Exceeding Expectations,Charlie Brown (103),5,2025,1,3,2025-W05,2025-01,2025Q1
226,103,Charlie,Brown,2025-01-31,5.2,2025-02-15,5 - Exceeding Expectations,Charlie Brown (103),5,2025,1,4,2025-W05,2025-01,2025Q1
227,103,Charlie,Brown,2025-02-02,6.0,2025-02-15,5 - Exceeding Expectations,Charlie Brown (103),5,2025,2,6,2025-W05,2025-02,2025Q1
228,103,Charlie,Brown,2025-02-03,9.0,2025-02-15,5 - Exceeding Expectations,Charlie Brown (103),6,2025,2,0,2025-W06,2025-02,2025Q1
229,103,Charlie,Brown,2025-02-04,9.9,2025-02-15,5 - Exceeding Expectations,Charlie Brown (103),6,2025,2,1,2025-W06,2025-02,2025Q1
230,103,Charlie,Brown,2025-02-05,4.9,2025-02-15,5 - Exceeding Expectations,Charlie Brown (103),6,2025,2,2,2025-W06,2025-02,2025Q1
231,103,Charlie,Brown,2025-02-06,10.0,2025-02-15,5 - Exceeding Expectations,Charlie Brown (103),6,2025,2,3,2025-W06,2025-02,2025Q1
232,103,Charlie,Brown,2025-02-07,5.9,2025-02-15,5 - Exceeding Expectations,Charlie Brown (103),6,2025,2,4,2025-W06,2025-02,2025Q1
233,103,Charlie,Brown,2025-02-10,5.5,2025-02-15,5 - Exceeding Expectations,Charlie Brown (103),7,2025,2,0,2025-W07,2025-02,2025Q1
234,104,David,Wilson,2024-11-04,8.5,2025-02-12,4 - Meeting Expectations,David Wilson (104),45,2024,11,0,2024-W45,2024-11,2024Q4
235,104,David,Wilson,2024-11-05,5.7,2025-02-12,4 - Meeting Expectations,David Wilson (104),45,2024,11,1,2024-W45,2024-11,2024Q4
236,104,David,Wilson,2024-11-06,6.6,2025-02-12,4 - Meeting Expectations,David Wilson (104),45,2024,11,2,2024-W45,2024-11,2024Q4
237,104,David,Wilson,2024-11-07,9.0,2025-02-12,4 - Meeting Expectations,David Wilson (104),45,2024,11,3,2024-W45,2024-11,2024Q4
238,104,David,Wilson,2024-11-08,8.6,2025-02-12,4 - Meeting Expectations,David Wilson (104),45,2024,11,4,2024-W45,2024-11,2024Q4
239,104,David,Wilson,2024-11-10,5.0,2025-02-12,4 - Meeting Expectations,David Wilson (104),45,2024,11,6,2024-W45,2024-11,2024Q4
240,104,David,Wilson,2024-11-11,7.0,2025-02-12,4 - Meeting Expectations,David Wilson (104),46,2024,11,0,2024-W46,2024-11,2024Q4
241,104,David,Wilson,2024-11-12,5.7,2025-02-12,4 - Meeting Expectations,David Wilson (104),46,2024,11,1,2024-W46,2024-11,2024Q4
242,104,David,Wilson,2024-11-13,9.6,2025-02-12,4 - Meeting Expectations,David Wilson (104),46,2024,11,2,2024-W46,2024-11,2024Q4
243,104,David,Wilson,2024-11-14,8.9,2025-02-12,4 - Meeting Expectations,David Wilson (104),46,2024,11,3,2024-W46,2024-11,2024Q4
244,104,David,Wilson,2024-11-15,6.1,2025-02-12,4 - Meeting Expectations,David Wilson (104),46,2024,11,4,2024-W46,2024-11,2024Q4
245,104,David,Wilson,2024-11-16,8.7,2025-02-12,4 - Meeting Expectations,David Wilson (104),46,2024,11,5,2024-W46,2024-11,2024Q4
246,104,David,Wilson,2024-11-18,9.4,2025-02-12,4 - Meeting Expectations,David Wilson (104),47,2024,11,0,2024-W47,2024-11,2024Q4
247,104,David,Wilson,2024-11-19,4.6,2025-02-12,4 - Meeting Expectations,David Wilson (104),47,2024,11,1,2024-W47,2024-11,2024Q4
248,104,David,Wilson,2024-11-20,8.5,2025-02-12,4 - Meeting Expectations,David Wilson (104),47,2024,11,2,2024-W47,2024-11,2024Q4
249,104,David,Wilson,2024-11-21,9.6,2025-02-12,4 - Meeting Expectations,David Wilson (104),47,2024,11,3,2024-W47,2024-11,2024Q4
250,104,David,Wilson,2024-11-22,5.4,2025-02-12,4 - Meeting Expectations,David Wilson (104),47,2024,11,4,2024-W47,2024-11,2024Q4
251,104,David,Wilson,2024-11-25,7.5,2025-02-12,4 - Meeting Expectations,David Wilson (104),48,2024,11,0,2024-W48,2024-11,2024Q4
252,104,David,Wilson,2024-11-26,8.0,2025-02-12,4 - Meeting Expectations,David Wilson (104),48,2024,11,1,2024-W48,2024-11,2024Q4
253,104,David,Wilson,2024-11-27,9.2,2025-02-12,4 - Meeting Expectations,David Wilson (104),48,2024,11,2,2024-W48,2024-11,2024Q4
254,104,David,Wilson,2024-11-28,9.9,2025-02-12,4 - Meeting Expectations,David Wilson (104),48,2024,11,3,2024-W48,2024-11,2024Q4
255,104,David,Wilson,2024-11-29,9.8,2025-02-12,4 - Meeting Expectations,David Wilson (104),48,2024,11,4,2024-W48,2024-11,2024Q4
256,104,David,Wilson,2024-12-02,9.6,2025-02-12,4 - Meeting Expectations,David Wilson (104),49,2024,12,0,2024-W49,2024-12,2024Q4
257,104,David,Wilson,2023-12-03,8.2,2025-02-12,4 - Meeting Expectations,David Wilson (104),48,2023,12,6,2023-W48,2023-12,2023Q4
258,104,David,Wilson,2024-12-04,4.4,2025-02-12,4 - Meeting Expectations,David Wilson (104),49,2024,12,2,2024-W49,2024-12,2024Q4
259,104,David,Wilson,2024-12-05,9.3,2025-02-12,4 - Meeting Expectations,David Wilson (104),49,2024,12,3,2024-W49,2024-12,2024Q4
260,104,David,Wilson,2024-12-06,9.9,2025-02-12,4 - Meeting Expectations,David Wilson (104),49,2024,12,4,2024-W49,2024-12,2024Q4
261,104,David,Wilson,2024-12-08,4.3,2025-02-12,4 - Meeting Expectations,David Wilson (104),49,2024,12,6,2024-W49,2024-12,2024Q4
262,104,David,Wilson,2024-12-09,7.8,2025-02-12,4 - Meeting Expectations,David Wilson (104),50,2024,12,0,2024-W50,2024-12,2024Q4
263,104,David,Wilson,2024-12-10,7.6,2025-02-12,4 - Meeting Expectations,David Wilson (104),50,2024,12,1,2024-W50,2024-12,2024Q4
264,104,David,Wilson,2024-12-11,7.1,2025-02-12,4 - Meeting Expectations,David Wilson (104),50,2024,12,2,2024-W50,2024-12,2024Q4
265,104,David,Wilson,2024-12-12,9.0,2025-02-12,4 - Meeting Expectations,David Wilson (104),50,2024,12,3,2024-W50,2024-12,2024Q4
266,104,David,Wilson,2024-12-13,9.7,2025-02-12,4 - Meeting Expectations,David Wilson (104),50,2024,12,4,2024-W50,2024-12,2024Q4
267,104,David,Wilson,2024-12-16,6.8,2025-02-12,4 - Meeting Expectations,David Wilson (104),51,2024,12,0,2024-W51,2024-12,2024Q4
268,104,David,Wilson,2024-12-17,6.0,2025-02-12,4 - Meeting Expectations,David Wilson (104),51,2024,12,1,2024-W51,2024-12,2024Q4
269,104,David,Wilson,2024-12-18,9.7,2025-02-12,4 - Meeting Expectations,David Wilson (104),51,2024,12,2,2024-W51,2024-12,2024Q4
270,104,David,Wilson,2024-12-19,8.8,2025-02-12,4 - Meeting Expectations,David Wilson (104),51,2024,12,3,2024-W51,2024-12,2024Q4
271,104,David,Wilson,2024-12-20,7.5,2025-02-12,4 - Meeting Expectations,David Wilson (104),51,2024,12,4,2024-W51,2024-12,2024Q4
272,104,David,Wilson,2024-12-22,4.2,2025-02-12,4 - Meeting Expectations,David Wilson (104),51,2024,12,6,2024-W51,2024-12,2024Q4
273,104,David,Wilson,2024-12-23,7.4,2025-02-12,4 - Meeting Expectations,David Wilson (104),52,2024,12,0,2024-W52,2024-12,2024Q4
274,104,David,Wilson,2024-12-24,9.3,2025-02-12,4 - Meeting Expectations,David Wilson (104),52,2024,12,1,2024-W52,2024-12,2024Q4
275,104,David,Wilson,2024-12-25,5.1,2025-02-12,4 - Meeting Expectations,David Wilson (104),52,2024,12,2,2024-W52,2024-12,2024Q4
276,104,David,Wilson,2024-12-26,6.7,2025-02-12,4 - Meeting Expectations,David Wilson (104),52,2024,12,3,2024-W52,2024-12,2024Q4
277,104,David,Wilson,2024-12-27,7.4,2025-02-12,4 - Meeting Expectations,David Wilson (104),52,2024,12,4,2024-W52,2024-12,2024Q4
278,104,David,Wilson,2024-12-28,9.2,2025-02-12,4 - Meeting Expectations,David Wilson (104),52,2024,12,5,2024-W52,2024-12,2024Q4
279,104,David,Wilson,2024-12-30,9.8,2025-02-12,4 - Meeting Expectations,David Wilson (104),1,2025,12,0,2025-W01,2024-12,2024Q4
280,104,David,Wilson,2024-12-31,6.7,2025-02-12,4 - Meeting Expectations,David Wilson (104),1,2025,12,1,2025-W01,2024-12,2024Q4
281,104,David,Wilson,2025-01-01,5.6,2025-02-12,4 - Meeting Expectations,David Wilson (104),1,2025,1,2,2025-W01,2025-01,2025Q1
282,104,David,Wilson,2025-01-02,4.6,2025-02-12,4 - Meeting Expectations,David Wilson (104),1,2025,1,3,2025-W01,2025-01,2025Q1
283,104,David,Wilson,2025-01-03,7.4,2025-02-12,4 - Meeting Expectations,David Wilson (104),1,2025,1,4,2025-W01,2025-01,2025Q1
284,104,David,Wilson,2025-01-05,7.5,2025-02-12,4 - Meeting Expectations,David Wilson (104),1,2025,1,6,2025-W01,2025-01,2025Q1
285,104,David,Wilson,2025-01-06,6.6,2025-02-12,4 - Meeting Expectations,David Wilson (104),2,2025,1,0,2025-W02,2025-01,2025Q1
286,104,David,Wilson,2025-01-07,4.8,2025-02-12,4 - Meeting Expectations,David Wilson (104),2,2025,1,1,2025-W02,2025-01,2025Q1
287,104,David,Wilson,2025-01-08,5.3,2025-02-12,4 - Meeting Expectations,David Wilson (104),2,2025,1,2,2025-W02,2025-01,2025Q1
288,104,David,Wilson,2025-01-09,4.8,2025-02-12,4 - Meeting Expectations,David Wilson (104),2,2025,1,3,2025-W02,2025-01,2025Q1
289,104,David,Wilson,2025-01-10,5.8,2025-02-12,4 - Meeting Expectations,David Wilson (104),2,2025,1,4,2025-W02,2025-01,2025Q1
290,104,David,Wilson,2025-01-12,8.9,2025-02-12,4 - Meeting Expectations,David Wilson (104),2,2025,1,6,2025-W02,2025-01,2025Q1
291,104,David,Wilson,2025-01-13,6.9,2025-02-12,4 - Meeting Expectations,David Wilson (104),3,2025,1,0,2025-W03,2025-01,2025Q1
292,104,David,Wilson,2025-01-14,8.5,2025-02-12,4 - Meeting Expectations,David Wilson (104),3,2025,1,1,2025-W03,2025-01,2025Q1
293,104,David,Wilson,2025-01-15,8.5,2025-02-12,4 - Meeting Expectations,David Wilson (104),3,2025,1,2,2025-W03,2025-01,2025Q1
294,104,David,Wilson,2025-01-16,7.6,2025-02-12,4 - Meeting Expectations,David Wilson (104),3,2025,1,3,2025-W03,2025-01,2025Q1
295,104,David,Wilson,2025-01-17,4.5,2025-02-12,4 - Meeting Expectations,David Wilson (104),3,2025,1,4,2025-W03,2025-01,2025Q1
296,104,David,Wilson,2025-01-20,5.6,2025-02-12,4 - Meeting Expectations,David Wilson (104),4,2025,1,0,2025-W04,2025-01,2025Q1
297,104,David,Wilson,2025-01-21,9.7,2025-02-12,4 - Meeting Expectations,David Wilson (104),4,2025,1,1,2025-W04,2025-01,2025Q1
298,104,David,Wilson,2025-01-22,6.1,2025-02-12,4 - Meeting Expectations,David Wilson (104),4,2025,1,2,2025-W04,2025-01,2025Q1
299,104,David,Wilson,2025-01-23,5.2,2025-02-12,4 - Meeting Expectations,David Wilson (104),4,2025,1,3,2025-W04,2025-01,2025Q1
300,104,David,Wilson,2025-01-24,7.1,2025-02-12,4 - Meeting Expectations,David Wilson (104),4,2025,1,4,2025-W04,2025-01,2025Q1
301,104,David,Wilson,2025-01-25,9.4,2025-02-12,4 - Meeting Expectations,David Wilson (104),4,2025,1,5,2025-W04,2025-01,2025Q1
302,104,David,Wilson,2025-01-27,9.1,2025-02-12,4 - Meeting Expectations,David Wilson (104),5,2025,1,0,2025-W05,2025-01,2025Q1
303,104,David,Wilson,2025-01-28,8.0,2025-02-12,4 - Meeting Expectations,David Wilson (104),5,2025,1,1,2025-W05,2025-01,2025Q1
304,104,David,Wilson,2025-01-29,6.4,2025-02-12,4 - Meeting Expectations,David Wilson (104),5,2025,1,2,2025-W05,2025-01,2025Q1
305,104,David,Wilson,2025-01-30,6.4,2025-02-12,4 - Meeting Expectations,David Wilson (104),5,2025,1,3,2025-W05,2025-01,2025Q1
306,104,David,Wilson,2025-01-31,4.8,2025-02-12,4 - Meeting Expectations,David Wilson (104),5,2025,1,4,2025-W05,2025-01,2025Q1
307,104,David,Wilson,2025-02-03,4.7,2025-02-12,4 - Meeting Expectations,David Wilson (104),6,2025,2,0,2025-W06,2025-02,2025Q1
308,104,David,Wilson,2025-02-04,7.5,2025-02-12,4 - Meeting Expectations,David Wilson (104),6,2025,2,1,2025-W06,2025-02,2025Q1
309,104,David,Wilson,2025-02-05,6.4,2025-02-12,4 - Meeting Expectations,David Wilson (104),6,2025,2,2,2025-W06,2025-02,2025Q1
310,104,David,Wilson,2025-02-06,5.0,2025-02-12,4 - Meeting Expectations,David Wilson (104),6,2025,2,3,2025-W06,2025-02,2025Q1
311,104,David,Wilson,2025-02-07,9.1,2025-02-12,4 - Meeting Expectations,David Wilson (104),6,2025,2,4,2025-W06,2025-02,2025Q1
312,104,David,Wilson,2025-02-09,6.3,2025-02-12,4 - Meeting Expectations,David Wilson (104),6,2025,2,6,2025-W06,2025-02,2025Q1
313,104,David,Wilson,2025-02-10,7.0,2025-02-12,4 - Meeting Expectations,David Wilson (104),7,2025,2,0,2025-W07,2025-02,2025Q1
314,105,Emma,Davis,2024-11-04,9.2,2025-02-16,3 - Satisfactory,Emma Davis (105),45,2024,11,0,2024-W45,2024-11,2024Q4
315,105,Emma,Davis,2024-11-05,9.6,2025-02-16,3 - Satisfactory,Emma Davis (105),45,2024,11,1,2024-W45,2024-11,2024Q4
316,105,Emma,Davis,2024-11-06,5.9,2025-02-16,3 - Satisfactory,Emma Davis (105),45,2024,11,2,2024-W45,2024-11,2024Q4
317,105,Emma,Davis,2024-11-07,9.6,2025-02-16,3 - Satisfactory,Emma Davis (105),45,2024,11,3,2024-W45,2024-11,2024Q4
318,105,Emma,Davis,2024-11-08,9.6,2025-02-16,3 - Satisfactory,Emma Davis (105),45,2024,11,4,2024-W45,2024-11,2024Q4
319,105,Emma,Davis,2024-11-11,8.6,2025-02-16,3 - Satisfactory,Emma Davis (105),46,2024,11,0,2024-W46,2024-11,2024Q4
320,105,Emma,Davis,2024-11-12,7.2,2025-02-16,3 - Satisfactory,Emma Davis (105),46,2024,11,1,2024-W46,2024-11,2024Q4
321,105,Emma,Davis,2024-11-13,8.4,2025-02-16,3 - Satisfactory,Emma Davis (105),46,2024,11,2,2024-W46,2024-11,2024Q4
322,105,Emma,Davis,2024-11-14,7.4,2025-02-16,3 - Satisfactory,Emma Davis (105),46,2024,11,3,2024-W46,2024-11,2024Q4
323,105,Emma,Davis,2024-11-15,4.5,2025-02-16,3 - Satisfactory,Emma Davis (105),46,2024,11,4,2024-W46,2024-11,2024Q4
324,105,Emma,Davis,2024-11-16,8.9,2025-02-16,3 - Satisfactory,Emma Davis (105),46,2024,11,5,2024-W46,2024-11,2024Q4
325,105,Emma,Davis,2024-11-17,5.1,2025-02-16,3 - Satisfactory,Emma Davis (105),46,2024,11,6,2024-W46,2024-11,2024Q4
326,105,Emma,Davis,2024-11-18,5.6,2025-02-16,3 - Satisfactory,Emma Davis (105),47,2024,11,0,2024-W47,2024-11,2024Q4
327,105,Emma,Davis,2024-11-19,7.3,2025-02-16,3 - Satisfactory,Emma Davis (105),47,2024,11,1,2024-W47,2024-11,2024Q4
328,105,Emma,Davis,2024-11-20,6.7,2025-02-16,3 - Satisfactory,Emma Davis (105),47,2024,11,2,2024-W47,2024-11,2024Q4
329,105,Emma,Davis,2024-11-21,4.7,2025-02-16,3 - Satisfactory,Emma Davis (105),47,2024,11,3,2024-W47,2024-11,2024Q4
330,105,Emma,Davis,2024-11-22,9.1,2025-02-16,3 - Satisfactory,Emma Davis (105),47,2024,11,4,2024-W47,2024-11,2024Q4
331,105,Emma,Davis,2024-11-25,4.8,2025-02-16,3 - Satisfactory,Emma Davis (105),48,2024,11,0,2024-W48,2024-11,2024Q4
332,105,Emma,Davis,2024-11-26,6.3,2025-02-16,3 - Satisfactory,Emma Davis (105),48,2024,11,1,2024-W48,2024-11,2024Q4
333,105,Emma,Davis,2024-11-27,4.6,2025-02-16,3 - Satisfactory,Emma Davis (105),48,2024,11,2,2024-W48,2024-11,2024Q4
334,105,Emma,Davis,2024-11-28,7.7,2025-02-16,3 - Satisfactory,Emma Davis (105),48,2024,11,3,2024-W48,2024-11,2024Q4
335,105,Emma,Davis,2024-11-29,4.4,2025-02-16,3 - Satisfactory,Emma Davis (105),48,2024,11,4,2024-W48,2024-11,2024Q4
336,105,Emma,Davis,2024-12-02,5.4,2025-02-16,3 - Satisfactory,Emma Davis (105),49,2024,12,0,2024-W49,2024-12,2024Q4
337,105,Emma,Davis,2024-12-03,4.7,2025-02-16,3 - Satisfactory,Emma Davis (105),49,2024,12,1,2024-W49,2024-12,2024Q4
338,105,Emma,Davis,2024-12-04,6.0,2025-02-16,3 - Satisfactory,Emma Davis (105),49,2024,12,2,2024-W49,2024-12,2024Q4
339,105,Emma,Davis,2024-12-05,5.9,2025-02-16,3 - Satisfactory,Emma Davis (105),49,2024,12,3,2024-W49,2024-12,2024Q4
340,105,Emma,Davis,2024-12-06,6.2,2025-02-16,3 - Satisfactory,Emma Davis (105),49,2024,12,4,2024-W49,2024-12,2024Q4
341,105,Emma,Davis,2024-12-09,7.5,2025-02-16,3 - Satisfactory,Emma Davis (105),50,2024,12,0,2024-W50,2024-12,2024Q4
342,105,Emma,Davis,2024-12-10,5.1,2025-02-16,3 - Satisfactory,Emma Davis (105),50,2024,12,1,2024-W50,2024-12,2024Q4
343,105,Emma,Davis,2024-12-11,6.7,2025-02-16,3 - Satisfactory,Emma Davis (105),50,2024,12,2,2024-W50,2024-12,2024Q4
344,105,Emma,Davis,2024-12-12,4.0,2025-02-16,3 - Satisfactory,Emma Davis (105),50,2024,12,3,2024-W50,2024-12,2024Q4
345,105,Emma,Davis,2024-12-13,5.7,2025-02-16,3 - Satisfactory,Emma Davis (105),50,2024,12,4,2024-W50,2024-12,2024Q4
346,105,Emma,Davis,2024-12-15,7.0,2025-02-16,3 - Satisfactory,Emma Davis (105),50,2024,12,6,2024-W50,2024-12,2024Q4
347,105,Emma,Davis,2024-12-16,7.1,2025-02-16,3 - Satisfactory,Emma Davis (105),51,2024,12,0,2024-W51,2024-12,2024Q4
348,105,Emma,Davis,2024-12-17,4.1,2025-02-16,3 - Satisfactory,Emma Davis (105),51,2024,12,1,2024-W51,2024-12,2024Q4
349,105,Emma,Davis,2024-12-18,6.3,2025-02-16,3 - Satisfactory,Emma Davis (105),51,2024,12,2,2024-W51,2024-12,2024Q4
350,105,Emma,Davis,2024-12-19,8.1,2025-02-16,3 - Satisfactory,Emma Davis (105),51,2024,12,3,2024-W51,2024-12,2024Q4
351,105,Emma,Davis,2024-12-20,5.4,2025-02-16,3 - Satisfactory,Emma Davis (105),51,2024,12,4,2024-W51,2024-12,2024Q4
352,105,Emma,Davis,2024-12-22,9.1,2025-02-16,3 - Satisfactory,Emma Davis (105),51,2024,12,6,2024-W51,2024-12,2024Q4
353,105,Emma,Davis,2024-12-23,9.8,2025-02-16,3 - Satisfactory,Emma Davis (105),52,2024,12,0,2024-W52,2024-12,2024Q4
354,105,Emma,Davis,2024-12-24,7.6,2025-02-16,3 - Satisfactory,Emma Davis (105),52,2024,12,1,2024-W52,2024-12,2024Q4
355,105,Emma,Davis,2024-12-25,5.8,2025-02-16,3 - Satisfactory,Emma Davis (105),52,2024,12,2,2024-W52,2024-12,2024Q4
356,105,Emma,Davis,2024-12-26,6.5,2025-02-16,3 - Satisfactory,Emma Davis (105),52,2024,12,3,2024-W52,2024-12,2024Q4
357,105,Emma,Davis,2024-12-27,6.1,2025-02-16,3 - Satisfactory,Emma Davis (105),52,2024,12,4,2024-W52,2024-12,2024Q4
358,105,Emma,Davis,2024-12-29,8.7,2025-02-16,3 - Satisfactory,Emma Davis (105),52,2024,12,6,2024-W52,2024-12,2024Q4
359,105,Emma,Davis,2024-12-30,6.6,2025-02-16,3 - Satisfactory,Emma Davis (105),1,2025,12,0,2025-W01,2024-12,2024Q4
360,105,Emma,Davis,2024-12-31,8.3,2025-02-16,3 - Satisfactory,Emma Davis (105),1,2025,12,1,2025-W01,2024-12,2024Q4
361,105,Emma,Davis,2025-01-01,9.6,2025-02-16,3 - Satisfactory,Emma Davis (105),1,2025,1,2,2025-W01,2025-01,2025Q1
362,105,Emma,Davis,2025-01-02,5.6,2025-02-16,3 - Satisfactory,Emma Davis (105),1,2025,1,3,2025-W01,2025-01,2025Q1
363,105,Emma,Davis,2025-01-03,4.9,2025-02-16,3 - Satisfactory,Emma Davis (105),1,2025,1,4,2025-W01,2025-01,2025Q1
364,105,Emma,Davis,2025-01-04,10.0,2025-02-16,3 - Satisfactory,Emma Davis (105),1,2025,1,5,2025-W01,2025-01,2025Q1
365,105,Emma,Davis,2025-01-06,8.7,2025-02-16,3 - Satisfactory,Emma Davis (105),2,2025,1,0,2025-W02,2025-01,2025Q1
366,105,Emma,Davis,2025-01-07,7.9,2025-02-16,3 - Satisfactory,Emma Davis (105),2,2025,1,1,2025-W02,2025-01,2025Q1
367,105,Emma,Davis,2025-01-08,7.6,2025-02-16,3 - Satisfactory,Emma Davis (105),2,2025,1,2,2025-W02,2025-01,2025Q1
368,105,Emma,Davis,2025-01-09,5.4,2025-02-16,3 - Satisfactory,Emma Davis (105),2,2025,1,3,2025-W02,2025-01,2025Q1
369,105,Emma,Davis,2025-01-10,4.4,2025-02-16,3 - Satisfactory,Emma Davis (105),2,2025,1,4,2025-W02,2025-01,2025Q1
370,105,Emma,Davis,2025-01-13,7.8,2025-02-16,3 - Satisfactory,Emma Davis (105),3,2025,1,0,2025-W03,2025-01,2025Q1
371,105,Emma,Davis,2025-01-14,4.5,2025-02-16,3 - Satisfactory,Emma Davis (105),3,2025,1,1,2025-W03,2025-01,2025Q1
372,105,Emma,Davis,2025-01-15,9.9,2025-02-16,3 - Satisfactory,Emma Davis (105),3,2025,1,2,2025-W03,2025-01,2025Q1
373,105,Emma,Davis,2025-01-16,5.7,2025-02-16,3 - Satisfactory,Emma Davis (105),3,2025,1,3,2025-W03,2025-01,2025Q1
374,105,Emma,Davis,2025-01-17,9.7,2025-02-16,3 - Satisfactory,Emma Davis (105),3,2025,1,4,2025-W03,2025-01,2025Q1
375,105,Emma,Davis,2025-01-18,5.0,2025-02-16,3 - Satisfactory,Emma Davis (105),3,2025,1,5,2025-W03,2025-01,2025Q1
376,105,Emma,Davis,2025-01-20,6.1,2025-02-16,3 - Satisfactory,Emma Davis (105),4,2025,1,0,2025-W04,2025-01,2025Q1
377,105,Emma,Davis,2025-01-21,7.8,2025-02-16,3 - Satisfactory,Emma Davis (105),4,2025,1,1,2025-W04,2025-01,2025Q1
378,105,Emma,Davis,2025-01-22,6.6,2025-02-16,3 - Satisfactory,Emma Davis (105),4,2025,1,2,2025-W04,2025-01,2025Q1
379,105,Emma,Davis,2025-01-23,6.4,2025-02-16,3 - Satisfactory,Emma Davis (105),4,2025,1,3,2025-W04,2025-01,2025Q1
380,105,Emma,Davis,2025-01-24,4.5,2025-02-16,3 - Satisfactory,Emma Davis (105),4,2025,1,4,2025-W04,2025-01,2025Q1
381,105,Emma,Davis,2025-01-27,7.8,2025-02-16,3 - Satisfactory,Emma Davis (105),5,2025,1,0,2025-W05,2025-01,2025Q1
382,105,Emma,Davis,2025-01-28,6.8,2025-02-16,3 - Satisfactory,Emma Davis (105),5,2025,1,1,2025-W05,2025-01,2025Q1
383,105,Emma,Davis,2025-01-29,4.5,2025-02-16,3 - Satisfactory,Emma Davis (105),5,2025,1,2,2025-W05,2025-01,2025Q1
384,105,Emma,Davis,2025-01-30,9.8,2025-02-16,3 - Satisfactory,Emma Davis (105),5,2025,1,3,2025-W05,2025-01,2025Q1
385,105,Emma,Davis,2025-01-31,6.7,2025-02-16,3 - Satisfactory,Emma Davis (105),5,2025,1,4,2025-W05,2025-01,2025Q1
386,105,Emma,Davis,2025-02-01,7.6,2025-02-16,3 - Satisfactory,Emma Davis (105),5,2025,2,5,2025-W05,2025-02,2025Q1
387,105,Emma,Davis,2025-02-03,5.6,2025-02-16,3 - Satisfactory,Emma Davis (105),6,2025,2,0,2025-W06,2025-02,2025Q1
388,105,Emma,Davis,2025-02-04,5.2,2025-02-16,3 - Satisfactory,Emma Davis (105),6,2025,2,1,2025-W06,2025-02,2025Q1
389,105,Emma,Davis,2025-02-05,6.8,2025-02-16,3 - Satisfactory,Emma Davis (105),6,2025,2,2,2025-W06,2025-02,2025Q1
390,105,Emma,Davis,2025-02-06,5.5,2025-02-16,3 - Satisfactory,Emma Davis (105),6,2025,2,3,2025-W06,2025-02,2025Q1
391,105,Emma,Davis,2025-02-07,5.7,2025-02-16,3 - Satisfactory,Emma Davis (105),6,2025,2,4,2025-W06,2025-02,2025Q1
392,105,Emma,Davis,2025-02-10,8.8,2025-02-16,3 - Satisfactory,Emma Davis (105),7,2025,2,0,2025-W07,2025-02,2025Q1
